Title,Genre,Director,Country,Release Year,Content Type,Duration,Rating,IMDb Rating,Language
You are My Destiny,Romance,Kim Myung-wook,South Korea,2014.0,TV Series,36 episodes,PG-13,7.1,Korean
Love Next Door,Romance,Unknown,South Korea,0.0,TV Series,Unknown,Not Rated,0.0,Korean
Eve,Thriller,Park Bong-seop,South Korea,2022.0,TV Series,16 episodes,18+,7.5,Korean
Chastity High,Unknown,Unknown,South Korea,0.0,TV Series,Unknown,Not Rated,0.0,Korean
Hotel Del Luna,Fantasy,Oh Choong-hwan,South Korea,2019.0,TV Series,16 episodes,PG-13,8.2,Korean
D.P.,Drama,Han Jun-hee,South Korea,2021.0,TV Series,6 episodes,18+,8.1,Korean
Kill Boksoon,Action,Byun Sung-hyun,South Korea,2023.0,Movie,137 minutes,18+,6.6,Korean
Happiness,Thriller,Ahn Gil-ho,South Korea,2021.0,TV Series,12 episodes,18+,8.3,Korean
The Frog,Unknown,Unknown,South Korea,0.0,Unknown,Unknown,Not Rated,0.0,Korean
Law School,Drama,Kim Seok-yoon,South Korea,2021.0,TV Series,16 episodes,15+,8.0,Korean
When the Weather Is Fine,Romance,Han Ji-seung,South Korea,2020.0,TV Series,16 episodes,12+,7.7,Korean
maboroshi,Drama,Hirokazu Koreeda,Japan,1995.0,Movie,110 minutes,Not Rated,7.5,Japanese
From Me to You,Romance,Naoto Kumazawa,Japan,2010.0,Movie,128 minutes,Not Rated,7.0,Japanese
Homemade Love Story,Family,Hong Seok-ku,South Korea,2020.0,TV Series,50 episodes,PG-13,7.0,Korean
Mission,Unknown,Unknown,Unknown,0.0,Unknown,Unknown,Not Rated,0.0,Unknown
Police University,Comedy,Kim Byung-soo,South Korea,2021.0,TV Series,16 episodes,PG-13,7.0,Korean
Reflection of You,Drama,Lim Hyun-wook,South Korea,2021.0,TV Series,16 episodes,18+,7.5,Korean
Ocean Waves,Romance,Tomomi Mochizuki,Japan,1993.0,Movie,76 minutes,Not Rated,6.7,Japanese
Twenty Five Twenty One,Romance,Jung Ji-hyun,South Korea,2022.0,TV Series,16 episodes,12+,8.7,Korean
My Unfamiliar Family,Drama,Kwon Young-il,South Korea,2020.0,TV Series,16 episodes,15+,7.8,Korean
Coffee Prince,Romance,Lee Yoon-jung,South Korea,2007.0,TV Series,17 episodes,PG-13,8.2,Korean
Never Give Up,Comedy,Min Jin-ki,South Korea,2022.0,TV Series,12 episodes,PG-13,7.0,Korean
Miss Night and Day,Romance,Unknown,South Korea,0.0,TV Series,Unknown,Not Rated,0.0,Korean
The Sound of Your Heart,Comedy,Ha Byung-hoon,South Korea,2016.0,TV Series,20 episodes,PG-13,8.2,Korean
The Whirlwind,Unknown,Unknown,Unknown,0.0,Unknown,Unknown,Not Rated,0.0,Unknown
Doctor John,Medical,Jo Soo-won,South Korea,2019.0,TV Series,32 episodes,15+,8.2,Korean
Her Private Life,Romance,Hong Jong-chan,South Korea,2019.0,TV Series,16 episodes,15+,7.7,Korean
Warm and Cozy,Romance,Park Hong-kyun,South Korea,2015.0,TV Series,16 episodes,15+,6.6,Korean
The Atypical Family,Unknown,Unknown,Unknown,0.0,Unknown,Unknown,Not Rated,0.0,Unknown
Ripe for the Picking,Unknown,Unknown,Unknown,0.0,Unknown,Unknown,Not Rated,0.0,Unknown
Everyone Loves Me,Unknown,Unknown,Unknown,0.0,Unknown,Unknown,Not Rated,0.0,Unknown
Once Upon a Small Town,Romance,Kwon Seok-jang,South Korea,2022.0,TV Series,12 episodes,12+,7.0,Korean
Chocolate,Romance,Lee Hyung-min,South Korea,2019.0,TV Series,16 episodes,15+,7.7,Korean
Beauty Inside,Romance,Song Hyun-wook,South Korea,2018.0,TV Series,16 episodes,15+,7.5,Korean
Marriage Contract,Romance,Kim Jin-min,South Korea,2016.0,TV Series,16 episodes,15+,7.6,Korean
Bloodhounds,Action,Kim Joo-hwan,South Korea,2023.0,TV Series,8 episodes,18+,7.8,Korean
Possessed,Thriller,Choi Do-hoon,South Korea,2019.0,TV Series,16 episodes,18+,7.0,Korean
Rugal,Action,Kang Cheol-woo,South Korea,2020.0,TV Series,16 episodes,18+,6.2,Korean
The Glory,Thriller,Ahn Gil-ho,South Korea,2022.0,TV Series,16 episodes,18+,8.0,Korean
Reunited Worlds,Romance,Baek Soo-chan,South Korea,2017.0,TV Series,40 episodes,15+,7.2,Korean
Queen of Tears,Unknown,Unknown,Unknown,0.0,Unknown,Unknown,Not Rated,0.0,Unknown
Inspector Koo,Thriller,Lee Jung-heum,South Korea,2021.0,TV Series,12 episodes,18+,7.4,Korean
Doctor Cha,Drama,Kim Dae-jin,South Korea,2023.0,TV Series,16 episodes,15+,7.8,Korean
When I Fly Towards You,Romance,Mao Deshu,China,2023.0,TV Series,24 episodes,PG-13,8.0,Chinese
Suspicious Partner,Romance,Park Sun-ho,South Korea,2017.0,TV Series,40 episodes,15+,8.1,Korean
A Korean Odyssey,Fantasy,Park Hong-kyun,South Korea,2017.0,TV Series,20 episodes,18+,8.1,Korean
The Penthouse,Drama,Joo Dong-min,South Korea,2020.0,TV Series,48 episodes,18+,8.2,Korean
VIP,Drama,Lee Jung-rim,South Korea,2019.0,TV Series,16 episodes,15+,7.6,Korean
My Liberation Notes,Drama,Kim Seok-yoon,South Korea,2022.0,TV Series,16 episodes,15+,8.4,Korean
My Golden Life,Drama,Kim Hyung-suk,South Korea,2017.0,TV Series,52 episodes,PG-13,8.1,Korean
My Demon,Fantasy,Unknown,South Korea,0.0,TV Series,Unknown,Not Rated,0.0,Korean
Amidst a Snowstorm of Love,Romance,Unknown,Unknown,0.0,Unknown,Unknown,Not Rated,0.0,Unknown
Lovestruck in the City,Romance,Park Shin-woo,South Korea,2020.0,TV Series,17 episodes,15+,7.8,Korean
Mr. Queen,Comedy,Yoon Sung-sik,South Korea,2020.0,TV Series,20 episodes,15+,8.8,Korean
Our Blues,Drama,Kim Kyu-tae,South Korea,2022.0,TV Series,20 episodes,15+,8.4,Korean
Little Women,Drama,Kim Hee-won,South Korea,2022.0,TV Series,12 episodes,15+,8.5,Korean
Partners for Justice,Crime,Noh Do-cheol,South Korea,2018.0,TV Series,32 episodes,18+,7.8,Korean
Ballerina,Action,Lee Chung-hyun,South Korea,2023.0,Movie,93 minutes,18+,6.7,Korean
Law & Order,Crime,Dick Wolf,USA,1990.0,TV Series,456 episodes,18+,7.7,English
Mad Dog,Crime,Hwang Ui-kyung,South Korea,2017.0,TV Series,16 episodes,15+,7.6,Korean
Angel's Last Mission,Romance,Lee Jung-sub,South Korea,2019.0,TV Series,32 episodes,15+,7.6,Korean
Alchemy of Souls,Fantasy,Park Joon-hwa,South Korea,2022.0,TV Series,30 episodes,15+,8.7,Korean
Under the Queen's Umbrella,Historical,Kim Hyung-sik,South Korea,2022.0,TV Series,16 episodes,15+,8.2,Korean
The Third Charm,Romance,Pyo Min-soo,South Korea,2018.0,TV Series,16 episodes,15+,7.2,Korean
Taxi Driver,Action,Park Joon-woo,South Korea,2021.0,TV Series,32 episodes,18+,8.0,Korean
Divorce Attorney Shin,Legal,Lee Jae-hoon,South Korea,2023.0,TV Series,12 episodes,15+,7.7,Korean
Eye Love You,Unknown,Unknown,Unknown,0.0,Unknown,Unknown,Not Rated,0.0,Unknown
Youth of May,Romance,Song Min-yeop,South Korea,2021.0,TV Series,12 episodes,15+,8.5,Korean
Fight for My Way,Romance,Lee Na-jeong,South Korea,2017.0,TV Series,16 episodes,15+,8.1,Korean
Behind Your Touch,Mystery,Kim Suk-yoon,South Korea,2023.0,TV Series,16 episodes,15+,7.7,Korean
The Good Detective,Crime,Jo Nam-gook,South Korea,2020.0,TV Series,28 episodes,15+,7.8,Korean
Trolley,Drama,Kim Mun-kyo,South Korea,2022.0,TV Series,16 episodes,15+,7.3,Korean
Dali & Cocky Prince,Romance,Lee Jung-sub,South Korea,2021.0,TV Series,16 episodes,15+,7.4,Korean
Doctor Slump,Romance,Oh Hyun-jong,South Korea,2023.0,TV Series,Unknown,Not Rated,0.0,Korean
Racket Boys,Sports,Jo Young-kwang,South Korea,2021.0,TV Series,16 episodes,PG-13,8.4,Korean
Captivating the King,Unknown,Unknown,Unknown,0.0,Unknown,Unknown,Not Rated,0.0,Unknown
Unlock My Boss,Mystery,Lee Chul-ha,South Korea,2022.0,TV Series,12 episodes,15+,7.2,Korean
Run On,Romance,Lee Jae-hoon,South Korea,2020.0,TV Series,16 episodes,15+,7.6,Korean
Like Flowers in Sand,Unknown,Unknown,Unknown,0.0,Unknown,Unknown,Not Rated,0.0,Unknown
Tune in for Love,Romance,Jung Ji-woo,South Korea,2019.0,Movie,122 minutes,12+,7.1,Korean
Castaway Diva,Comedy,Oh Choong-hwan,South Korea,2023.0,TV Series,Unknown,Not Rated,0.0,Korean
Be Melodramatic,Drama,Lee Byeong-heon,South Korea,2019.0,TV Series,16 episodes,15+,8.2,Korean
One Spring Night,Romance,Ahn Pan-seok,South Korea,2019.0,TV Series,32 episodes,15+,8.0,Korean
The Devil Judge,Legal,Choi Jung-gyu,South Korea,2021.0,TV Series,16 episodes,18+,8.5,Korean
When the Camellia Blooms,Romance,Cha Young-hoon,South Korea,2019.0,TV Series,20 episodes,15+,8.0,Korean
Something in the Rain,Romance,Ahn Pan-seok,South Korea,2018.0,TV Series,16 episodes,18+,8.1,Korean
You Are My Spring,Romance,Jung Ji-hyun,South Korea,2021.0,TV Series,16 episodes,15+,7.6,Korean
Melancholia,Drama,Kim Sang-hyub,South Korea,2021.0,TV Series,16 episodes,15+,7.4,Korean
Romance Is a Bonus Book,Romance,Lee Jung-hyo,South Korea,2019.0,TV Series,16 episodes,12+,8.0,Korean
The Tale of Nokdu,Historical,Kim Dong-hwi,South Korea,2019.0,TV Series,32 episodes,15+,7.9,Korean
Celebrity,Drama,Kim Chul-kyu,South Korea,2023.0,TV Series,12 episodes,15+,7.2,Korean
Gyeongseong Creature,Historical,Jung Dong-yoon,South Korea,2023.0,TV Series,12 episodes,18+,0.0,Korean
True Beauty,Romance,Kim Sang-hyub,South Korea,2020.0,TV Series,16 episodes,15+,8.0,Korean
Welcome to Samdal-ri,Unknown,Unknown,South Korea,2023.0,TV Series,Unknown,Not Rated,0.0,Korean
Hyena,Legal,Jang Tae-yoo,South Korea,2020.0,TV Series,16 episodes,18+,7.8,Korean
Summer Strike,Romance,Unknown,South Korea,2023.0,TV Series,12 episodes,15+,7.3,Korean
Mad for Each Other,Romance,Lee Tae-gon,South Korea,2021.0,TV Series,13 episodes,18+,7.7,Korean
Witch at Court,Legal,Kim Young-gyun,South Korea,2017.0,TV Series,16 episodes,15+,7.6,Korean
Doctor Prisoner,Medical,Hwang In-hyuk,South Korea,2019.0,TV Series,32 episodes,15+,7.7,Korean
Hometown Cha-Cha-Cha,Romance,Yu Je-won,South Korea,2021.0,TV Series,16 episodes,12+,8.4,Korean
Stranger,Thriller,Ahn Gil-ho,South Korea,2017.0,TV Series,16 episodes,18+,8.5,Korean
Designated Survivor,Political,Yoo Jong-sun,South Korea,2019.0,TV Series,16 episodes,15+,7.7,Korean
20th Century Girl,Romance,Bang Woo-ri,South Korea,2022.0,Movie,119 minutes,12+,7.3,Korean
Because This Is My First Life,Romance,Park Joon-hwa,South Korea,2017.0,TV Series,16 episodes,15+,8.1,Korean
Healer,Action,Lee Jung-sub,South Korea,2014.0,TV Series,20 episodes,15+,8.5,Korean
My Love from the Star,Romance,Jang Tae-yoo,South Korea,2013.0,TV Series,21 episodes,15+,8.2,Korean
My Name,Thriller,Kim Jin-min,South Korea,2021.0,TV Series,8 episodes,18+,7.8,Korean
Money Heist,Crime,Álex Pina,Spain,2017.0,TV Series,41 episodes,18+,8.2,Spanish
Strong Girl Bong-soon,Romance,Lee Hyung-min,South Korea,2017.0,TV Series,16 episodes,15+,8.2,Korean
Vagabond,Action,Yoo In-sik,South Korea,2019.0,TV Series,16 episodes,18+,8.0,Korean
Hidden Love,Romance,Mao De Shu,China,2023.0,TV Series,25 episodes,15+,8.8,Chinese
W â Two Worlds Apart,Fantasy,Jung Dae-yoon,South Korea,2016.0,TV Series,16 episodes,15+,8.0,Korean
"Nevertheless,",Romance,Kim Ga-ram,South Korea,2021.0,TV Series,10 episodes,18+,7.2,Korean
Vincenzo,Comedy,Kim Hee-won,South Korea,2021.0,TV Series,20 episodes,18+,8.4,Korean
Virgin River,Drama,Sue Tenney,USA,2019.0,TV Series,52 episodes,18+,7.4,English
Extracurricular,Crime,Kim Jin-min,South Korea,2020.0,TV Series,10 episodes,18+,7.7,Korean
Crash Landing on You,Romance,Lee Jung-hyo,South Korea,2019.0,TV Series,16 episodes,15+,8.7,Korean
The Empress Ki,Historical,Han Hee,South Korea,2013.0,TV Series,51 episodes,15+,8.5,Korean
Lupin,Crime,Louis Leterrier,France,2021.0,TV Series,15 episodes,15+,7.5,French
Doona!,Romance,Lee Jeong-hyo,South Korea,2023.0,TV Series,9 episodes,18+,7.1,Korean
Luther,Crime,Neil Cross,UK,2010.0,TV Series,21 episodes,18+,8.4,English
Surviving Paradise,Reality,Sam Forlin,USA,2023.0,TV Series,12 episodes,Not Rated,6.3,English
Bodies,Crime,Paul Tomalin,UK,2023.0,TV Series,8 episodes,18+,7.6,English
Doom at Your Service,Fantasy,Kwon Young-il,South Korea,2021.0,TV Series,16 episodes,15+,7.8,Korean
Descendants of the Sun,Romance,Lee Eung-bok,South Korea,2016.0,TV Series,16 episodes,15+,8.3,Korean
Love Is Blind,Reality,Chris Coelen,USA,2020.0,TV Series,68 episodes,18+,6.1,English
The Fall of the House of Usher,Horror,Mike Flanagan,USA,2023.0,TV Series,8 episodes,18+,7.7,English
Beckham,Documentary,Fisher Stevens,UK,2023.0,TV Series,4 episodes,15+,8.1,English
Spider-Man,Action,Jon Watts,USA,2002.0,Movie,121 minutes,PG-13,7.4,English
Fair Play,Thriller,Chloe Domont,USA,2023.0,Movie,113 minutes,18+,6.9,English
Destined with You,Romance,Nam Ki-hoon,South Korea,2023.0,TV Series,16 episodes,15+,7.2,Korean
Our Beloved Summer,Romance,Kim Yoon-jin,South Korea,2021.0,TV Series,16 episodes,15+,8.4,Korean
It's Okay to Not Be Okay,Romance,Park Shin-woo,South Korea,2020.0,TV Series,16 episodes,15+,8.6,Korean
Infinite,Action,Antoine Fuqua,USA,2021.0,Movie,106 minutes,15+,5.5,English
Reptile,Thriller,Grant Singer,USA,2023.0,Movie,134 minutes,18+,6.8,English
Record of Youth,Romance,Ahn Gil-ho,South Korea,2020.0,TV Series,16 episodes,15+,7.2,Korean
ONE PIECE,Adventure,Marc Jobst,USA,2023.0,TV Series,8 episodes,15+,8.3,English
Flower of Evil,Thriller,Kim Cheol-kyu,South Korea,2020.0,TV Series,16 episodes,18+,8.7,Korean
Love at First Sight,Romance,Vanessa Caswill,USA,2023.0,Movie,90 minutes,PG-13,6.7,English
The Little Things,Thriller,John Lee Hancock,USA,2021.0,Movie,128 minutes,18+,6.3,English
Business Proposal,Romance,Park Seon-ho,South Korea,2022.0,TV Series,12 episodes,15+,8.1,Korean
Top Boy,Crime,Ronan Bennett,UK,2011.0,TV Series,26 episodes,18+,8.4,English
Godzilla vs. Kong,Action,Adam Wingard,USA,2021.0,Movie,113 minutes,PG-13,6.3,English
Love to Hate You,Romance,Kim Jung-kwon,South Korea,2023.0,TV Series,10 episodes,15+,7.5,Korean
King the Land,Romance,Im Hyun-wook,South Korea,2023.0,TV Series,16 episodes,15+,7.6,Korean
Who is Erin Carter?,Action,Ashley Way,UK,2023.0,TV Series,7 episodes,18+,6.3,English
You Are So Not Invited to My Bat Mitzvah,Comedy,Sammi Cohen,USA,2023.0,Movie,103 minutes,PG-13,6.0,English
The Equalizer,Action,Antoine Fuqua,USA,2014.0,Movie,132 minutes,18+,7.2,English
The Longest Promise,Fantasy,Ju Jue Liang,China,2023.0,TV Series,40 episodes,15+,7.4,Chinese
The Ultimatum,Reality,Chris Coelen,USA,2022.0,TV Series,20 episodes,18+,5.4,English
At Home With The Furys,Documentary,Netflix,UK,2023.0,TV Series,9 episodes,Not Rated,6.5,English
The Secret Life of My Secretary,Romance,Lee Kwang-young,South Korea,2019.0,TV Series,32 episodes,15+,7.6,Korean
Suits,Legal,Kim Jin-woo,South Korea,2018.0,TV Series,16 episodes,15+,7.4,Korean
A Whisker Away,Fantasy,"Junichi Sato, Tomotaka Shibayama",Japan,2020.0,Movie,104 minutes,PG,6.7,Japanese
The Vampire Diaries,Drama,"Julie Plec, Kevin Williamson",USA,2009.0,TV Series,171 episodes,18+,7.7,English
The Mole,Reality,Bart De Pauw,Belgium,1998.0,TV Series,90 episodes,Not Rated,7.4,Dutch
The Take,Crime,James Watkins,UK,2016.0,Movie,92 minutes,18+,6.3,English
Bird Box Barcelona,Thriller,"David Pastor, Àlex Pastor",Spain,2023.0,Movie,112 minutes,15+,5.3,Spanish
Venom,Action,Ruben Fleischer,USA,2018.0,Movie,112 minutes,15+,6.7,English
Glamorous,Drama,Todd Strauss-Schulson,USA,2023.0,TV Series,10 episodes,18+,6.3,English
Skyscraper,Action,Rawson Marshall Thurber,USA,2018.0,Movie,102 minutes,12+,5.8,English
The Witcher,Fantasy,Alik Sakharov,USA,2019.0,TV Series,24 episodes,18+,8.1,English
The Perfect Find,Romance,Numa Perrier,USA,2023.0,Movie,99 minutes,15+,5.6,English
Black Clover,Fantasy,Tatsuya Yoshihara,Japan,2017.0,TV Series,170 episodes,15+,8.3,Japanese
Extraction 2,Action,Sam Hargrave,USA,2023.0,Movie,122 minutes,18+,7.0,English
F9,Action,Justin Lin,USA,2021.0,Movie,143 minutes,12+,5.2,English
Triple Frontier,Action,J.C. Chandor,USA,2019.0,Movie,125 minutes,15+,6.4,English
Ijakumo,Thriller,"Adebayo Tijani, Tope Adebayo",Nigeria,2022.0,Movie,120 minutes,18+,7.0,Yoruba
Social Currency,Reality,Unknown,India,2023.0,TV Series,8 episodes,Not Rated,6.4,Hindi
Extraction,Action,Sam Hargrave,USA,2020.0,Movie,117 minutes,18+,6.7,English
Fantastic Beasts,Fantasy,David Yates,UK,2016.0,Movie,132 minutes,12+,7.3,English
Rick and Morty,Animation,"Dan Harmon, Justin Roiland",USA,2013.0,TV Series,62 episodes,18+,9.2,English
Enough,Thriller,Michael Apted,USA,2002.0,Movie,115 minutes,15+,5.8,English
Harry Potter and the Deathly Hallows,Fantasy,David Yates,UK,2010.0,Movie,146 minutes,12+,7.7,English
Harry Potter and the Half-Blood Prince,Fantasy,David Yates,UK,2009.0,Movie,153 minutes,12+,7.6,English
Fantastic Beasts and Where To Find Them,Fantasy,David Yates,UK,2016.0,Movie,132 minutes,12+,7.3,English
Harry Potter and the Order of the Phoenix,Fantasy,David Yates,UK,2007.0,Movie,138 minutes,12+,7.5,English
Harry Potter and the Goblet of Fire,Fantasy,Mike Newell,UK,2005.0,Movie,157 minutes,12+,7.7,English
Harry Potter and the Prisoner of Azkaban,Fantasy,Alfonso Cuarón,UK,2004.0,Movie,142 minutes,12+,7.9,English
Harry Potter and the Chamber of Secrets,Fantasy,Chris Columbus,UK,2002.0,Movie,161 minutes,12+,7.4,English
Harry Potter and the Philosopher's Stone,Fantasy,Chris Columbus,UK,2001.0,Movie,152 minutes,12+,7.6,English
VINLAND SAGA,Action,Shuhei Yabuta,Japan,2019.0,TV Series,48 episodes,18+,8.8,Japanese
"Young, Famous & African",Reality,Peace Hyde,South Africa,2022.0,TV Series,14 episodes,18+,4.7,English
Can You Keep a Secret?,Romance,Elise Duran,USA,2019.0,Movie,94 minutes,15+,5.3,English
Firefly Lane,Drama,Maggie Friedman,USA,2021.0,TV Series,26 episodes,18+,7.6,English
Whisper of the Heart,Romance,Yoshifumi Kond?,Japan,1995.0,Movie,111 minutes,Not Rated,7.9,Japanese
Prisoners,Thriller,Denis Villeneuve,USA,2013.0,Movie,153 minutes,15+,8.1,English
Arrietty,Fantasy,Hiromasa Yonebayashi,Japan,2010.0,Movie,94 minutes,Not Rated,7.6,Japanese
Queen Charlotte,Historical,Tom Verica,USA,2023.0,TV Series,6 episodes,18+,7.3,English
Sweet Tooth,Fantasy,Jim Mickle,USA,2021.0,TV Series,16 episodes,15+,7.8,English
AKA,Action,Morgan S. Dalibert,France,2023.0,Movie,122 minutes,18+,6.7,French
The Diplomat,Drama,Debora Cahn,USA,2023.0,TV Series,8 episodes,15+,7.7,English
BEEF,Drama,Lee Sung Jin,USA,2023.0,TV Series,10 episodes,18+,8.1,English
Unlocked,Thriller,Kim Tae-joon,South Korea,2023.0,Movie,117 minutes,18+,6.4,Korean
Obsession,Drama,"Glenn Leyburn, Lisa Barros D'Sa",UK,2023.0,TV Series,4 episodes,18+,5.9,English
The Last Kingdom,Historical,Stephen Butchard,UK,2015.0,TV Series,46 episodes,18+,8.5,English
Nobody,Action,Ilya Naishuller,USA,2021.0,Movie,92 minutes,18+,7.4,English
You Don't Know Me,Drama,Sarmad Masud,UK,2021.0,TV Series,4 episodes,18+,6.9,English
Noah,Adventure,Darren Aronofsky,USA,2014.0,Movie,138 minutes,15+,5.8,English
Chupa,Family,Jonás Cuarón,USA,2023.0,Movie,95 minutes,PG,5.7,English
The Night Agent,Thriller,Seth Gordon,USA,2023.0,TV Series,10 episodes,18+,7.4,English
Murder Mystery 2,Comedy,Jeremy Garelick,USA,2023.0,Movie,90 minutes,12+,5.7,English
Murder Mystery,Comedy,Kyle Newacheck,USA,2019.0,Movie,97 minutes,12+,6.0,English
Shadow and Bone,Fantasy,Lee Toland Krieger,USA,2021.0,TV Series,16 episodes,15+,7.6,English
You,Thriller,"Greg Berlanti, Sera Gamble",USA,2018.0,TV Series,40 episodes,18+,7.7,English
Outer Banks,Adventure,"Jonas Pate, Josh Pate, Shannon Burke",USA,2020.0,TV Series,30 episodes,15+,7.5,English
Power,Crime,Courtney Kemp Agboh,USA,2014.0,TV Series,63 episodes,18+,8.1,English
Creed II,Drama,Steven Caple Jr.,USA,2018.0,Movie,130 minutes,12+,7.1,English
The Razz Guy,Comedy,Udoka Oyeka,Nigeria,2021.0,Movie,110 minutes,15+,4.4,English
SoÃ³lÃ¨,Comedy,Kayode Kasum,Nigeria,2021.0,Movie,112 minutes,15+,6.0,English
Formula 1,Documentary,Unknown,UK,2019.0,TV Series,50 episodes,Not Rated,8.6,English
Your Place or Mine,Romance,Aline Brosh McKenna,USA,2023.0,Movie,109 minutes,12+,5.6,English
Howlâs Moving Castle,Fantasy,Hayao Miyazaki,Japan,2004.0,Movie,119 minutes,PG,8.2,Japanese
Lockwood & Co.,Fantasy,Joe Cornish,UK,2023.0,TV Series,8 episodes,12+,7.5,English
The Snow Girl,Mystery,"David Ulloa, Laura Alvea",Spain,2023.0,TV Series,6 episodes,15+,6.8,Spanish
The Vow,Documentary,"Jehane Noujaim, Karim Amer",USA,2020.0,TV Series,18 episodes,18+,7.1,English
Big Mouth,Animation,"Jennifer Flackett, Mark Levin, Andrew Goldberg, Nick Kroll",USA,2017.0,TV Series,69 episodes,18+,7.9,English
The Secret,Documentary,Drew Heriot,USA,2006.0,Movie,90 minutes,PG,5.6,English
Blood & Water,Crime,Nosipho Dumisa-Ngoasheng,South Africa,2020.0,TV Series,18 episodes,18+,6.5,English
You People,Comedy,Kenya Barris,USA,2023.0,Movie,118 minutes,15+,5.5,English
The Recruit,Thriller,Doug Liman,USA,2022.0,TV Series,8 episodes,15+,7.5,English
Ginny & Georgia,Drama,Sarah Lampert,USA,2021.0,TV Series,20 episodes,15+,7.5,English
Happiness Ever After,Romance,Thabang Moleya,South Africa,2021.0,Movie,99 minutes,15+,5.4,English
Savage Beauty,Drama,Lebogang Mogashoa,South Africa,2022.0,TV Series,6 episodes,18+,5.4,English
King of Boys,Crime,Kemi Adetiba,Nigeria,2018.0,TV Series,7 episodes,15+,6.7,English
Country Queen,Drama,Vincent Mbaya,Kenya,2022.0,TV Series,6 episodes,18+,7.5,English
Vikings,Historical,Michael Hirst,Ireland,2013.0,TV Series,89 episodes,18+,8.5,English
Lockdown,Drama,"Kenny Gage, Devon Downs",USA,2021.0,Movie,87 minutes,15+,6.4,English
Man of God,Drama,Bolanle Austen-Peters,Nigeria,2022.0,Movie,111 minutes,18+,6.4,English
Rise of Empires,Historical,Emre ?ahin,Turkey,2020.0,TV Series,12 episodes,15+,7.9,Turkish
Harry & Meghan,Documentary,Liz Garbus,USA,2022.0,TV Series,6 episodes,15+,4.8,English
Amina,Historical,Izu Ojukwu,Nigeria,2021.0,Movie,120 minutes,15+,4.8,English
Blood Sisters,Drama,Biyi Bandele,Nigeria,2022.0,TV Series,4 episodes,18+,5.8,English
Far From Home,Drama,"Kayode Kasum, Kenneth Gyang",Nigeria,2022.0,TV Series,5 episodes,15+,6.4,English
Medieval,Historical,Petr Jákl,Czech Republic,2022.0,Movie,126 minutes,15+,5.9,English
Gods of Egypt,Fantasy,Alex Proyas,USA,2016.0,Movie,127 minutes,12+,5.4,English
Ottomans vs Venetians,Historical,Emre ?ahin,Turkey,2021.0,TV Series,6 episodes,15+,7.3,Turkish
Resurrection,Historical,Metin Günay,Turkey,2014.0,TV Series,150 episodes,15+,8.1,Turkish
AnÃ­kÃºlÃ¡pÃ³,Drama,Kunle Afolayan,Nigeria,2022.0,Movie,142 minutes,15+,6.9,Yoruba
Kaleidoscope,Crime,Eric Garcia,USA,2023.0,TV Series,8 episodes,15+,6.6,English
The King's Affection,Historical,Song Hyun-wook,South Korea,2021.0,TV Series,20 episodes,15+,7.9,Korean
Wednesday,Fantasy,"Tim Burton, Gandja Monteiro, James Marshall",USA,2022.0,TV Series,8 episodes,15+,8.1,English
Enola Holmes 2,Mystery,Harry Bradbeer,USA,2022.0,Movie,129 minutes,12+,6.8,English
Lady Chatterley's Lover,Romance,Laure de Clermont-Tonnerre,UK,2022.0,Movie,127 minutes,18+,6.7,English
The Noel Diary,Romance,Charles Shyer,USA,2022.0,Movie,99 minutes,12+,6.0,English
DASH & LILY,Romance,"Fred Savage, Brad Silberling",USA,2020.0,TV Series,8 episodes,15+,7.4,English
Slumberland,Fantasy,Francis Lawrence,USA,2022.0,Movie,117 minutes,PG,6.7,English
From Scratch,Drama,Nzingha Stewart,USA,2022.0,TV Series,8 episodes,15+,7.8,English
Guillermo del Toro's Cabinet of Curiosities,Horror,Guillermo del Toro,USA,2022.0,TV Series,8 episodes,18+,7.8,English
Half Bad,Fantasy,Colm McCarthy,UK,2022.0,TV Series,8 episodes,18+,6.6,English
Peaky Blinders,Crime,Steven Knight,UK,2013.0,TV Series,36 episodes,18+,8.8,English
Falling for Christmas,Romance,Janeen Damian,USA,2022.0,Movie,93 minutes,PG,5.3,English
Mercury Rising,Thriller,Harold Becker,USA,1998.0,Movie,111 minutes,15+,6.1,English
Enola Holmes,Mystery,Harry Bradbeer,USA,2020.0,Movie,123 minutes,PG-13,6.6,English
Barbarians,Historical,Steve Saint Leger,Germany,2020.0,TV Series,12 episodes,18+,7.3,German
The Watcher,Mystery,"Ryan Murphy, Ian Brennan",USA,2022.0,TV Series,7 episodes,18+,6.5,English
The School for Good and Evil,Fantasy,Paul Feig,USA,2022.0,Movie,147 minutes,12+,5.9,English
Luckiest Girl Alive,Thriller,Mike Barker,USA,2022.0,Movie,113 minutes,18+,6.4,English
The Empress,Historical,"Florian Cossen, Katrin Gebbe",Germany,2022.0,TV Series,6 episodes,15+,7.9,German
The Umbrella Academy,Fantasy,Steve Blackman,USA,2019.0,TV Series,30 episodes,15+,7.9,English
Do Revenge,Comedy,Jennifer Kaytin Robinson,USA,2022.0,Movie,118 minutes,15+,6.3,English
Blonde,Biography,Andrew Dominik,USA,2022.0,Movie,166 minutes,18+,5.5,English
Dynasty,Drama,"Josh Schwartz, Stephanie Savage",USA,2017.0,TV Series,108 episodes,15+,7.3,English
Killer Elite,Action,Gary McKendry,USA,2011.0,Movie,116 minutes,18+,6.4,English
He's Just Not That Into You,Romance,Ken Kwapis,USA,2009.0,Movie,129 minutes,12+,6.4,English
Deliver Us from Eva,Comedy,Gary Hardwick,USA,2003.0,Movie,105 minutes,15+,6.1,English
Inside Man,Crime,Spike Lee,USA,2006.0,Movie,129 minutes,15+,7.6,English
Fate,Fantasy,"Lisa James Larsson, Hannah Quinn",UK,2021.0,TV Series,13 episodes,15+,6.9,English
Something New,Romance,Sanaa Hamri,USA,2006.0,Movie,99 minutes,15+,6.6,English
Love in the Villa,Romance,Mark Steven Johnson,USA,2022.0,Movie,114 minutes,PG-13,5.4,English
The Virtuoso,Thriller,Nick Stagliano,USA,2021.0,Movie,110 minutes,18+,4.9,English
S.W.A.T.,Action,Clark Johnson,USA,2003.0,Movie,117 minutes,15+,6.0,English
The Next 365 Days,Drama,"Barbara Bia?ow?s, Tomasz Mandes",Poland,2022.0,Movie,112 minutes,18+,2.8,Polish
Shooter,Action,Antoine Fuqua,USA,2007.0,Movie,124 minutes,15+,7.2,English
Partner Track,Drama,Georgia Lee,USA,2022.0,TV Series,10 episodes,15+,6.8,English
Over Her Dead Body,Comedy,Jeff Lowell,USA,2008.0,Movie,95 minutes,12+,5.2,English
Just Go With It,Comedy,Dennis Dugan,USA,2011.0,Movie,117 minutes,12+,6.4,English
My Secret Romance,Romance,Kang Cheol-woo,South Korea,2017.0,TV Series,13 episodes,15+,6.7,Korean
Echoes,Drama,Kat Candler,USA,2022.0,TV Series,7 episodes,18+,5.8,English
The Wedding Date,Comedy,Clare Kilner,USA,2005.0,Movie,90 minutes,12+,6.1,English
Day Shift,Action,J.J. Perry,USA,2022.0,Movie,113 minutes,15+,6.1,English
The Gray Man,Action,"Anthony Russo, Joe Russo",USA,2022.0,Movie,129 minutes,15+,6.5,English
The Woman in the House Across the Street from the Girl in the Window,Comedy,Michael Lehmann,USA,2022.0,TV Series,8 episodes,15+,6.4,English
Along Came a Spider,Thriller,Lee Tamahori,USA,2001.0,Movie,104 minutes,15+,6.4,English
Queen of the South,Crime,"M.A. Fortin, Joshua John Miller",USA,2016.0,TV Series,62 episodes,18+,8.0,English
The Big Bang Theory,Comedy,"Chuck Lorre, Bill Prady",USA,2007.0,TV Series,279 episodes,12+,8.2,English
Underworld,Action,Len Wiseman,USA,2003.0,Movie,121 minutes,18+,7.0,English
The Sandman,Fantasy,"Neil Gaiman, David S. Goyer, Allan Heinberg",USA,2022.0,TV Series,11 episodes,18+,7.7,English
Carter,Action,Byung-gil Jung,South Korea,2022.0,Movie,134 minutes,18+,5.1,Korean
The Man from Toronto,Action,Patrick Hughes,USA,2022.0,Movie,110 minutes,15+,5.8,English
The Sea Beast,Animation,Chris Williams,USA,2022.0,Movie,115 minutes,PG,7.1,English
Stranger Things,Horror,"Matt Duffer, Ross Duffer",USA,2016.0,TV Series,42 episodes,15+,8.7,English
The Boss Baby,Animation,Tom McGrath,USA,2017.0,Movie,97 minutes,PG,6.3,English
Spiderhead,Thriller,Joseph Kosinski,USA,2022.0,Movie,106 minutes,15+,5.4,English
Interceptor,Action,Matthew Reilly,USA,2022.0,Movie,98 minutes,15+,4.5,English
Senior Year,Comedy,Alex Hardcastle,USA,2022.0,Movie,113 minutes,15+,5.6,English
First Kill,Drama,"Jet Wilkinson, Eriq La Salle",USA,2022.0,TV Series,8 episodes,18+,6.3,English
Black Mirror,Drama,Charlie Brooker,UK,2011.0,TV Series,27 episodes,18+,8.8,English
Chaos Walking,Sci-Fi,Doug Liman,USA,2021.0,Movie,109 minutes,12+,5.7,English
Silverton Siege,Thriller,Mandla Dube,South Africa,2022.0,Movie,100 minutes,15+,6.1,English
Love & Other Drugs,Romance,Edward Zwick,USA,2010.0,Movie,112 minutes,18+,6.7,English
Someone Great,Romance,Jennifer Kaytin Robinson,USA,2019.0,Movie,92 minutes,18+,6.2,English
Blade Runner 2049,Sci-Fi,Denis Villeneuve,USA,2017.0,Movie,164 minutes,15+,8.0,English
Ozark,Crime,"Bill Dubuque, Mark Williams",USA,2017.0,TV Series,44 episodes,18+,8.5,English
A Farewell to Ozark,Documentary,Chris Mundy,USA,2022.0,TV Series,1 episode,15+,8.4,English
PIECES OF HER,Thriller,Minkie Spiro,USA,2022.0,TV Series,8 episodes,18+,6.3,English
365 Days,Drama,"Barbara Bia?ow?s, Tomasz Mandes",Poland,2020.0,Movie,114 minutes,18+,3.3,Polish
The Seven Deadly Sins,Animation,Tensai Okamura,Japan,2014.0,TV Series,100 episodes,15+,7.8,Japanese
Toradora!,Romance,Tatsuyuki Nagai,Japan,2008.0,TV Series,25 episodes,15+,8.0,Japanese
Violet Evergarden,Drama,Taichi Ishidate,Japan,2018.0,TV Series,14 episodes,15+,8.4,Japanese
Spirited Away,Fantasy,Hayao Miyazaki,Japan,2001.0,Movie,125 minutes,PG,8.6,Japanese
Your Name,Fantasy,Makoto Shinkai,Japan,2016.0,Movie,106 minutes,PG,8.4,Japanese
Yaksha,Thriller,Na Hyeon,South Korea,2022.0,Movie,125 minutes,15+,6.2,Korean
Bikram,Documentary,Eva Orner,USA,2019.0,Movie,86 minutes,18+,6.6,English
Bridgerton,Drama,Chris Van Dusen,USA,2020.0,TV Series,16 episodes,18+,7.4,English
Divergent,Sci-Fi,Neil Burger,USA,2014.0,Movie,139 minutes,12+,6.6,English
The Adam Project,Sci-Fi,Shawn Levy,USA,2022.0,Movie,106 minutes,12+,6.7,English
Wu Assassins,Action,Stephen Fung,USA,2019.0,TV Series,10 episodes,15+,6.4,English
Fistful of Vengeance,Action,Roel Reiné,USA,2022.0,Movie,94 minutes,18+,4.4,English
Inventing Anna,Drama,Shonda Rhimes,USA,2022.0,TV Series,9 episodes,18+,6.8,English
Manifest,Mystery,Jeff Rake,USA,2018.0,TV Series,62 episodes,15+,7.1,English
Wild Child,Comedy,Nick Moore,USA,2008.0,Movie,98 minutes,12+,6.0,English
Chicago Med,Drama,"Dick Wolf, Matt Olmstead",USA,2015.0,TV Series,168 episodes,15+,7.6,English
The Tinder Swindler,Documentary,Felicity Morris,USA,2022.0,Movie,114 minutes,15+,7.2,English
In From the Cold,Action,Adam Glass,USA,2022.0,TV Series,8 episodes,18+,6.3,English
Raising Dion,Sci-Fi,Dennis Liu,USA,2019.0,TV Series,17 episodes,15+,7.1,English
Snowpiercer,Sci-Fi,"Josh Friedman, Graeme Manson",USA,2020.0,TV Series,30 episodes,15+,6.9,English
The New Legends of Monkey,Fantasy,"Gerard Johnstone, Craig Irvin",New Zealand,2018.0,TV Series,20 episodes,12+,6.5,English
Munich â The Edge of War,Historical,Christian Schwochow,Germany,2021.0,Movie,129 minutes,12+,6.9,English
Memoirs of a Geisha,Drama,Rob Marshall,USA,2005.0,Movie,145 minutes,12+,7.3,English
Stay Close,Mystery,Daniel O'Hara,UK,2021.0,TV Series,8 episodes,15+,6.9,English
The Gentlemen,Action,Guy Ritchie,USA,2019.0,Movie,113 minutes,18+,7.8,English
Akame ga Kill!,Action,Tomoki Kobayashi,Japan,2014.0,TV Series,24 episodes,18+,7.8,Japanese
Pride & Prejudice,Romance,Joe Wright,UK,2005.0,Movie,129 minutes,12+,7.8,English
Serendipity,Romance,Peter Chelsom,USA,2001.0,Movie,90 minutes,12+,6.9,English
The Girl from Oslo,Thriller,Stian Kristiansen,Norway,2021.0,TV Series,10 episodes,15+,5.6,Norwegian
Don't Look Up,Sci-Fi,Adam McKay,USA,2021.0,Movie,138 minutes,15+,7.2,English
The Amazing Spider-Man,Action,Marc Webb,USA,2012.0,Movie,136 minutes,12+,6.9,English
The Mirror Has Two Faces,Romance,Barbra Streisand,USA,1996.0,Movie,126 minutes,12+,6.6,English
Lost in Space,Sci-Fi,"Irwin Allen, Matt Sazama, Burk Sharpless",USA,2018.0,TV Series,28 episodes,12+,7.3,English
Sparkle,Drama,Salim Akil,USA,2012.0,Movie,116 minutes,15+,5.7,English
Jumanji,Adventure,Joe Johnston,USA,1995.0,Movie,104 minutes,12+,7.0,English
A Castle For Christmas,Romance,Mary Lambert,USA,2021.0,Movie,98 minutes,12+,5.6,English
True Story,Drama,Eric Newman,USA,2021.0,TV Series,7 episodes,18+,7.5,English
Young Sheldon,Comedy,Steven Molaro,USA,2017.0,TV Series,127 episodes,PG,7.6,English
The Princess Switch 3,Romance,Mike Rohl,USA,2021.0,Movie,106 minutes,PG,5.6,English
Last Christmas,Romance,Paul Feig,UK,2019.0,Movie,103 minutes,12+,6.5,English
Hellbound,Fantasy,Yeon Sang-ho,South Korea,2021.0,TV Series,6 episodes,18+,6.6,Korean
Blue Story,Drama,Rapman,UK,2019.0,Movie,91 minutes,15+,6.1,English
The Harder They Fall,Western,Jeymes Samuel,USA,2021.0,Movie,139 minutes,18+,6.5,English
This Lady Called Life,Drama,Kayode Kasum,Nigeria,2020.0,Movie,120 minutes,15+,7.1,English
One Lagos Night,Comedy,Ekene Mekwunye,Nigeria,2021.0,Movie,102 minutes,15+,5.3,English
Night Teeth,Thriller,Adam Randall,USA,2021.0,Movie,107 minutes,15+,5.7,English
Red Notice,Action,Rawson Marshall Thurber,USA,2021.0,Movie,118 minutes,15+,6.3,English
Love Hard,Romance,Hernán Jiménez,USA,2021.0,Movie,105 minutes,15+,6.3,English
The Order,Fantasy,Dennis Heaton,USA,2019.0,TV Series,20 episodes,18+,6.7,English
Hustlers,Crime,Lorene Scafaria,USA,2019.0,Movie,110 minutes,18+,6.3,English
Narcos,Crime,Chris Brancato,USA,2015.0,TV Series,30 episodes,18+,8.8,English
Cursed,Fantasy,Frank Miller,USA,2020.0,TV Series,10 episodes,15+,5.9,English
Hypnotic,Thriller,Matt Angel,USA,2021.0,Movie,88 minutes,15+,5.3,English
The Five Juanas,Drama,Pepe Castro,Mexico,2021.0,TV Series,18 episodes,15+,6.9,Spanish
Army of Thieves,Action,Matthias Schweighöfer,Germany,2021.0,Movie,127 minutes,15+,6.4,English
Mama Drama,Comedy,Seyi Babatope,Nigeria,2022.0,Movie,100 minutes,15+,5.6,English
The Perfect Picture,Comedy,Shirley Frimpong-Manso,Ghana,2009.0,Movie,125 minutes,15+,6.9,English
After,Romance,Jenny Gage,USA,2019.0,Movie,105 minutes,15+,5.3,English
Sisyphus,Sci-Fi,Jin Hyuk,South Korea,2021.0,TV Series,16 episodes,15+,7.0,Korean
The Baby-Sitters Club,Family,Rachel Shukert,USA,2020.0,TV Series,18 episodes,PG,7.5,English
Intrusion,Thriller,Adam Salky,USA,2021.0,Movie,93 minutes,15+,5.3,English
Alice in Borderland,Thriller,Shinsuke Sato,Japan,2020.0,TV Series,8 episodes,18+,7.7,Japanese
On My Block,Comedy,Eddie Gonzalez,USA,2018.0,TV Series,38 episodes,15+,8.0,English
The I-Land,Sci-Fi,Neil LaBute,USA,2019.0,TV Series,7 episodes,18+,4.3,English
Maid,Drama,John Wells,USA,2021.0,TV Series,10 episodes,15+,8.4,English
Squid Game,Thriller,Hwang Dong-hyuk,South Korea,2021.0,TV Series,9 episodes,18+,8.0,Korean
The Guilty,Thriller,Antoine Fuqua,USA,2021.0,Movie,90 minutes,15+,6.3,English
Thieves of the Wood,Drama,Robin Pront,Belgium,2020.0,TV Series,10 episodes,18+,6.9,Dutch
RuPaulâs Drag Race,Reality,Fenton Bailey,USA,2009.0,TV Series,205 episodes,18+,8.4,English
Frontier,Adventure,Rob Blackie,Canada,2016.0,TV Series,18 episodes,18+,7.1,English
Kingdom,Action,Kim Seong-hun,South Korea,2019.0,TV Series,12 episodes,18+,8.4,Korean
Kate,Action,Cedric Nicolas-Troyan,USA,2021.0,Movie,106 minutes,18+,6.2,English
Locke & Key,Fantasy,Carlton Cuse,USA,2020.0,TV Series,28 episodes,15+,7.4,English
Luna Nera,Fantasy,Francesca Comencini,Italy,2020.0,TV Series,6 episodes,15+,5.7,Italian
The Cook of Castamar,Drama,Iñaki Peñafiel,Spain,2021.0,TV Series,12 episodes,15+,7.3,Spanish
The Kissing Booth 3,Romance,Vince Marcello,USA,2021.0,Movie,112 minutes,15+,4.8,English
Clickbait,Thriller,Tony Ayres,USA,2021.0,TV Series,8 episodes,15+,7.2,English
He's All That,Romance,Mark Waters,USA,2021.0,Movie,91 minutes,12+,4.3,English
Sweet Girl,Action,Brian Andrew Mendoza,USA,2021.0,Movie,110 minutes,18+,5.5,English
Suicide Squad,Action,David Ayer,USA,2016.0,Movie,123 minutes,15+,5.9,English
Falling Inn Love,Romance,Roger Kumble,USA,2019.0,Movie,98 minutes,PG,5.6,English
Resort to Love,Romance,Steven Tsuchida,USA,2021.0,Movie,101 minutes,12+,5.7,English
Lady Bird,Drama,Greta Gerwig,USA,2017.0,Movie,94 minutes,15+,7.4,English
About Time,Romance,Richard Curtis,UK,2013.0,Movie,123 minutes,12+,7.8,English
InuYasha,Animation,Masashi Ikeda,Japan,2000.0,TV Series,193 episodes,PG-13,7.9,Japanese
Creed,Drama,Ryan Coogler,USA,2015.0,Movie,133 minutes,12+,7.6,English
Shameless (U.S.),Comedy,Paul Abbott,USA,2011.0,TV Series,134 episodes,18+,8.5,English
Mom,Comedy,Chuck Lorre,USA,2013.0,TV Series,170 episodes,15+,7.3,English
Addicted,Romance,Bille Woodruff,USA,2014.0,Movie,106 minutes,18+,5.1,English
The Missing,Mystery,Tom Shankland,UK,2014.0,TV Series,16 episodes,15+,8.2,English
The Magnificent Seven,Action,Antoine Fuqua,USA,2016.0,Movie,133 minutes,12+,6.9,English
Aquaman,Fantasy,James Wan,USA,2018.0,Movie,143 minutes,12+,6.9,English
Fast & Furious Presents,Action,David Leitch,USA,2019.0,Movie,137 minutes,12+,6.5,English
Too Hot to Handle,Reality,Laura Gibson,USA,2020.0,TV Series,39 episodes,18+,4.6,English
Sex/Life,Drama,Stacy Rukeyser,USA,2021.0,TV Series,14 episodes,18+,5.5,English
The Bounty Hunter,Comedy,Andy Tennant,USA,2010.0,Movie,110 minutes,12+,5.5,English
Rurouni Kenshin,Action,Keishi Ohtomo,Japan,2012.0,Movie,135 minutes,15+,7.5,Japanese
The Intruder,Thriller,Deon Taylor,USA,2019.0,Movie,102 minutes,15+,5.6,English
Silver Skates,Romance,Michael Lockshin,Russia,2020.0,Movie,130 minutes,15+,7.0,Russian
About Last Night,Comedy,Steve Pink,USA,2014.0,Movie,100 minutes,15+,6.1,English
Fatherhood,Drama,Paul Weitz,USA,2021.0,Movie,109 minutes,12+,6.6,English
Handsome Siblings,Action,Zou Ji Cheng,China,2020.0,TV Series,44 episodes,15+,7.3,Chinese
Think Like a Man Too,Comedy,Tim Story,USA,2014.0,Movie,106 minutes,12+,5.8,English
Xtreme,Action,Daniel Benmayor,Spain,2021.0,Movie,111 minutes,18+,5.8,Spanish
Awake,Thriller,Mark Raso,USA,2021.0,Movie,96 minutes,15+,4.8,English
Demon Slayer,Action,Haruo Sotozaki,Japan,2019.0,TV Series,26 episodes,15+,8.7,Japanese
Last Chance U,Documentary,Greg Whiteley,USA,2016.0,TV Series,38 episodes,15+,8.4,English
Colombiana,Action,Olivier Megaton,France,2011.0,Movie,108 minutes,12+,6.4,English
Believe Me,Drama,Jim Donovan,USA,2014.0,Movie,93 minutes,15+,5.8,English
Dog Gone Trouble,Animation,Kevin Johnson,USA,2019.0,Movie,87 minutes,PG,5.9,English
Couples Retreat,Comedy,Peter Billingsley,USA,2009.0,Movie,113 minutes,12+,5.5,English
Second Act,Comedy,Peter Segal,USA,2018.0,Movie,103 minutes,12+,5.8,English
Rise of the Legend,Action,Roy Hin Yeung Chow,Hong Kong,2014.0,Movie,131 minutes,18+,6.5,Cantonese
Word of Honor,Drama,Gary Sing,China,2021.0,TV Series,36 episodes,15+,8.3,Chinese
Army of the Dead,Action,Zack Snyder,USA,2021.0,Movie,148 minutes,18+,5.7,English
The Mexican,Action,Gore Verbinski,USA,2001.0,Movie,123 minutes,15+,6.1,English
Castlevania,Animation,Sam Deats,USA,2017.0,TV Series,32 episodes,18+,8.3,English
Ragnarok,Fantasy,Mogens Hagedorn,Norway,2020.0,TV Series,12 episodes,15+,7.5,Norwegian
G.I. Joe,Action,Stephen Sommers,USA,2009.0,Movie,118 minutes,12+,5.8,English
Ma,Horror,Tate Taylor,USA,2019.0,Movie,99 minutes,15+,5.6,English
The Package,Comedy,Jake Szymanski,USA,2018.0,Movie,94 minutes,18+,5.5,English
Crazy Rich Asians,Comedy,Jon M. Chu,USA,2018.0,Movie,120 minutes,12+,6.9,English
The Circle USA,Reality,Studio Lambert,USA,2020.0,TV Series,54 episodes,12+,6.9,English
Super Me,Fantasy,Zhang Chong,China,2019.0,Movie,102 minutes,15+,5.8,Chinese
The King,Historical,David Michôd,USA,2019.0,Movie,140 minutes,18+,7.3,English
Molly's Game,Drama,Aaron Sorkin,USA,2017.0,Movie,140 minutes,15+,7.4,English
Jupiter's Legacy,Fantasy,Steven S. DeKnight,USA,2021.0,TV Series,8 episodes,18+,6.7,English
Men in Black,Sci-Fi,Barry Sonnenfeld,USA,1997.0,Movie,98 minutes,PG-13,7.3,English
Eagle Eye,Action,D.J. Caruso,USA,2008.0,Movie,118 minutes,12+,6.6,English
Colony,Sci-Fi,Ryan Condal,USA,2016.0,TV Series,36 episodes,15+,7.4,English
The Letter for the King,Fantasy,Alex Holmes,USA,2020.0,TV Series,6 episodes,12+,5.9,English
Into the Night,Thriller,Inti Calfat,Belgium,2020.0,TV Series,12 episodes,18+,7.1,French
The Italian Job,Crime,F. Gary Gray,USA,2003.0,Movie,111 minutes,12+,7.0,English
Another Life,Sci-Fi,Aaron Martin,USA,2019.0,TV Series,20 episodes,15+,5.3,English
White House Down,Action,Roland Emmerich,USA,2013.0,Movie,131 minutes,12+,6.4,English
Get Even,Thriller,Holly Phillips,UK,2020.0,TV Series,10 episodes,15+,6.5,English
Avatar,Fantasy,James Cameron,USA,2009.0,Movie,162 minutes,12+,7.8,English
"Mary, Queen of Scots",Historical,Josie Rourke,UK,2018.0,Movie,124 minutes,15+,6.3,English
The Shannara Chronicles,Fantasy,Alfred Gough,USA,2016.0,TV Series,20 episodes,15+,7.2,English
Yasuke,Animation,LeSean Thomas,USA,2021.0,TV Series,6 episodes,15+,6.2,English
Amateur,Drama,Ryan Koo,USA,2018.0,Movie,96 minutes,12+,5.9,English
Stowaway,Sci-Fi,Joe Penna,USA,2021.0,Movie,116 minutes,15+,5.6,English
RuPaul's Drag Race,Reality,Fenton Bailey,USA,2009.0,TV Series,205 episodes,18+,8.4,English
How to Lose a Guy in 10 Days,Romance,Donald Petrie,USA,2003.0,Movie,116 minutes,12+,6.4,English
Jiu Jitsu,Action,Dimitri Logothetis,USA,2020.0,Movie,102 minutes,18+,2.9,English
Anti-Life,Sci-Fi,John Suits,USA,2020.0,Movie,92 minutes,15+,3.1,English
Diary of a Mad Black Woman,Comedy,Darren Grant,USA,2005.0,Movie,116 minutes,12+,5.7,English
The K2,Action,Kwak Jung-hwan,South Korea,2016.0,TV Series,16 episodes,15+,7.8,Korean
Love and Monsters,Adventure,Michael Matthews,USA,2020.0,Movie,109 minutes,12+,7.0,English
Two Distant Strangers,Drama,"Travon Free, Martin Desmond Roe",USA,2020.0,Movie,32 minutes,15+,6.9,English
American Assassin,Action,Michael Cuesta,USA,2017.0,Movie,111 minutes,18+,6.2,English
Thunder Force,Comedy,Ben Falcone,USA,2021.0,Movie,105 minutes,12+,4.5,English
The Barrier,Sci-Fi,Daniel Écija,Spain,2020.0,TV Series,13 episodes,15+,6.8,Spanish
The Legend of Korra,Animation,"Michael Dante DiMartino, Bryan Konietzko",USA,2012.0,TV Series,52 episodes,12+,8.4,English
Annihilation,Sci-Fi,Alex Garland,USA,2018.0,Movie,115 minutes,15+,6.8,English
The Last Airbender,Adventure,M. Night Shyamalan,USA,2010.0,Movie,103 minutes,PG,4.0,English
Secret Obsession,Thriller,Peter Sullivan,USA,2019.0,Movie,97 minutes,15+,4.3,English
Selfless,Sci-Fi,Tarsem Singh,USA,2015.0,Movie,117 minutes,12+,6.5,English
Dangerous Lies,Thriller,Michael Scott,USA,2020.0,Movie,96 minutes,12+,5.3,English
No Good Deed,Thriller,Sam Miller,USA,2014.0,Movie,84 minutes,12+,5.6,English
Bad Trip,Comedy,Kitao Sakurai,USA,2021.0,Movie,87 minutes,18+,6.5,English
The Irregulars,Mystery,Tom Bidwell,UK,2021.0,TV Series,8 episodes,15+,5.9,English
Princess Mononoke,Fantasy,Hayao Miyazaki,Japan,1997.0,Movie,134 minutes,PG,8.4,Japanese
Passengers,Sci-Fi,Morten Tyldum,USA,2016.0,Movie,116 minutes,12+,7.0,English
The White Tiger,Drama,Ramin Bahrani,USA,2021.0,Movie,125 minutes,15+,7.1,English
Fatale,Thriller,Deon Taylor,USA,2020.0,Movie,102 minutes,15+,5.3,English
Skylines,Sci-Fi,Liam O'Donnell,USA,2020.0,Movie,113 minutes,15+,4.7,English
The Yin Yang Master,Fantasy,Li Weiran,China,2021.0,Movie,113 minutes,15+,6.4,Chinese
The One,Sci-Fi,Howard Overman,UK,2021.0,TV Series,8 episodes,15+,6.6,English
Sword Art Online,Fantasy,Tomohiko It?,Japan,2012.0,TV Series,49 episodes,15+,7.6,Japanese
What Men Want,Comedy,Adam Shankman,USA,2019.0,Movie,117 minutes,15+,5.3,English
Twilight,Fantasy,Catherine Hardwicke,USA,2008.0,Movie,122 minutes,12+,5.3,English
YES DAY,Comedy,Miguel Arteta,USA,2021.0,Movie,86 minutes,PG,5.7,English
High-Rise Invasion,Animation,Masahiro Takata,Japan,2021.0,TV Series,12 episodes,18+,6.5,Japanese
"Love, Chunibyo & Other Delusions!",Romance,Tatsuya Ishihara,Japan,2012.0,TV Series,12 episodes,12+,7.4,Japanese
Whatever It Takes,Comedy,David Raynr,USA,2000.0,Movie,94 minutes,12+,5.5,English
Something Borrowed,Romance,Luke Greenfield,USA,2011.0,Movie,112 minutes,12+,5.9,English
The Bold Type,Drama,Sarah Watson,USA,2017.0,TV Series,52 episodes,15+,7.8,English
Grace and Frankie,Comedy,Marta Kauffman,USA,2015.0,TV Series,94 episodes,15+,8.2,English
Stuck in Love,Drama,Josh Boone,USA,2012.0,Movie,97 minutes,15+,7.2,English
Modern Family,Comedy,Steven Levitan,USA,2009.0,TV Series,250 episodes,PG,8.5,English
Anohana,Drama,Tatsuyuki Nagai,Japan,2011.0,TV Series,11 episodes,12+,8.2,Japanese
Bridget Jones,Romance,Sharon Maguire,UK,2001.0,Movie,97 minutes,15+,6.7,English
Bridget Jones's Diary,Romance,Sharon Maguire,UK,2001.0,Movie,97 minutes,15+,6.7,English
Tribes of Europa,Sci-Fi,Philip Koch,Germany,2021.0,TV Series,6 episodes,18+,6.7,German
Behind Her Eyes,Thriller,Steve Lightfoot,UK,2021.0,TV Series,6 episodes,15+,7.2,English
The Meg,Action,Jon Turteltaub,USA,2018.0,Movie,113 minutes,12+,5.6,English
The Other Boleyn Girl,Historical,Justin Chadwick,UK,2008.0,Movie,115 minutes,15+,6.7,English
Criminal,Thriller,Gregory Hoblit,USA,2000.0,Movie,113 minutes,18+,7.0,English
American Psycho,Thriller,Mary Harron,USA,2000.0,Movie,102 minutes,18+,7.6,English
Zodiac,Crime,David Fincher,USA,2007.0,Movie,157 minutes,15+,7.7,English
Reign,Drama,Laurie McCarthy,USA,2013.0,TV Series,78 episodes,15+,7.4,English
Riverdale,Drama,Roberto Aguirre-Sacasa,USA,2017.0,TV Series,137 episodes,15+,6.6,English
Outside the Wire,Action,Mikael Håfström,USA,2021.0,Movie,115 minutes,15+,5.4,English
Assassin's Creed,Action,Justin Kurzel,USA,2016.0,Movie,115 minutes,12+,5.7,English
Kings of Jo'Burg,Drama,Shona Ferguson,South Africa,2020.0,TV Series,14 episodes,18+,5.3,English
The Devil's Own,Thriller,Alan J. Pakula,USA,1997.0,Movie,111 minutes,15+,6.2,English
Warrior Nun,Fantasy,Simon Barry,USA,2020.0,TV Series,18 episodes,18+,6.9,English
Double World,Action,Teddy Chan,China,2020.0,Movie,110 minutes,15+,6.1,Chinese
Furie,Action,Lê V?n Ki?t,Vietnam,2019.0,Movie,98 minutes,18+,6.3,Vietnamese
"Crouching Tiger, Hidden Dragon",Action,Ang Lee,China,2000.0,Movie,120 minutes,12+,7.8,Mandarin
Lost Bullet,Action,Guillaume Pierret,France,2020.0,Movie,92 minutes,18+,6.2,French
We Can Be Heroes,Family,Robert Rodriguez,USA,2020.0,Movie,97 minutes,PG,4.7,English
The Outsider,Thriller,Martin Zandvliet,USA,2018.0,Movie,120 minutes,18+,6.2,English
Tiny Pretty Things,Drama,Michael MacLennan,USA,2020.0,TV Series,10 episodes,18+,6.3,English
Poldark,Drama,Debbie Horsfield,UK,2015.0,TV Series,43 episodes,15+,8.3,English
The Crown,Drama,Peter Morgan,UK,2016.0,TV Series,60 episodes,15+,8.6,English
Girlfriends,Comedy,Mara Brock Akil,USA,2000.0,TV Series,172 episodes,15+,7.2,English
The Curious Case of Benjamin Button,Fantasy,David Fincher,USA,2008.0,Movie,166 minutes,12+,7.8,English
The Perks of Being a Wallflower,Drama,Stephen Chbosky,USA,2012.0,Movie,103 minutes,12+,7.9,English
Ocean's 8,Comedy,Gary Ross,USA,2018.0,Movie,110 minutes,12+,6.3,English
The Holiday,Romance,Nancy Meyers,USA,2006.0,Movie,136 minutes,12+,6.9,English
Ava,Action,Tate Taylor,USA,2020.0,Movie,96 minutes,18+,5.4,English
The Bourne Legacy,Action,Tony Gilroy,USA,2012.0,Movie,135 minutes,12+,6.6,English
The Queen's Gambit,Drama,Scott Frank,USA,2020.0,TV Series,7 episodes,15+,8.6,English
Dawson's Creek,Drama,Kevin Williamson,USA,1998.0,TV Series,128 episodes,12+,6.8,English
Taking Lives,Thriller,D.J. Caruso,USA,2004.0,Movie,103 minutes,18+,6.2,English
Poseidon,Action,Wolfgang Petersen,USA,2006.0,Movie,98 minutes,12+,5.7,English
Jack Reacher,Action,Christopher McQuarrie,USA,2012.0,Movie,130 minutes,15+,7.0,English
Shadowhunters,Fantasy,Ed Decter,USA,2016.0,TV Series,55 episodes,15+,6.5,English
Grand Army,Drama,Katie Cappiello,USA,2020.0,TV Series,9 episodes,18+,7.4,English
The Bourne Ultimatum,Action,Paul Greengrass,USA,2007.0,Movie,115 minutes,12+,8.0,English
The Bourne Supremacy,Action,Paul Greengrass,USA,2004.0,Movie,108 minutes,12+,7.7,English
The Bourne Identity,Action,Doug Liman,USA,2002.0,Movie,119 minutes,12+,7.9,English
The Alienist,Crime,Jakob Verbruggen,USA,2018.0,TV Series,18 episodes,18+,7.7,English
Emily in Paris,Comedy,Darren Star,USA,2020.0,TV Series,30 episodes,15+,7.0,English
Peppermint,Action,Pierre Morel,USA,2018.0,Movie,101 minutes,18+,6.5,English
Ratched,Drama,Ryan Murphy,USA,2020.0,TV Series,8 episodes,18+,7.3,English
The Fall,Crime,Allan Cubitt,UK,2013.0,TV Series,17 episodes,18+,8.1,English
Greenleaf,Drama,Craig Wright,USA,2016.0,TV Series,60 episodes,15+,7.5,English
Made of Honour,Romance,Paul Weiland,USA,2008.0,Movie,101 minutes,12+,5.8,English
Aloha,Romance,Cameron Crowe,USA,2015.0,Movie,105 minutes,12+,5.4,English
Bodyguard,Thriller,Jed Mercurio,UK,2018.0,TV Series,6 episodes,18+,8.1,English
Selling Sunset,Reality,Adam DiVello,USA,2019.0,TV Series,56 episodes,15+,6.4,English
My Hero Academia,Animation,Kenji Nagasaki,Japan,2016.0,TV Series,88 episodes,15+,8.4,Japanese
RuPaul's Secret Celebrity Drag Race,Reality,RuPaul Charles,USA,2020.0,TV Series,6 episodes,18+,6.6,English
Jupiter Ascending,Sci-Fi,"Lana Wachowski, Lilly Wachowski",USA,2015.0,Movie,127 minutes,12+,5.3,English
Never Have I Ever,Comedy,Mindy Kaling,USA,2020.0,TV Series,40 episodes,15+,7.8,English
Friends,Comedy,"David Crane, Marta Kauffman",USA,1994.0,TV Series,236 episodes,12+,8.9,English
Ashes to Ashes,Crime,Matthew Graham,UK,2008.0,TV Series,24 episodes,15+,8.2,English
Elite,Drama,Darío Madrona,Spain,2018.0,TV Series,48 episodes,18+,7.3,Spanish
Community,Comedy,Dan Harmon,USA,2009.0,TV Series,110 episodes,15+,8.5,English
Ocean's Thirteen,Comedy,Steven Soderbergh,USA,2007.0,Movie,122 minutes,12+,6.9,English
Ocean's Twelve,Comedy,Steven Soderbergh,USA,2004.0,Movie,125 minutes,12+,6.5,English
The Town,Crime,Ben Affleck,USA,2010.0,Movie,125 minutes,18+,7.5,English
White Collar,Crime,Jeff Eastin,USA,2009.0,TV Series,81 episodes,12+,8.2,English
Troy,Action,Wolfgang Petersen,USA,2004.0,Movie,163 minutes,15+,7.3,English
Ocean's Eleven,Comedy,Steven Soderbergh,USA,2001.0,Movie,116 minutes,12+,7.7,English
Brooklyn Nine-Nine,Comedy,"Michael Schur, Dan Goor",USA,2013.0,TV Series,153 episodes,12+,8.4,English
Always a Bridesmaid,Comedy,Trey Haley,USA,2019.0,Movie,97 minutes,15+,6.1,English
Mobile Suit Gundam,Animation,Yoshiyuki Tomino,Japan,1979.0,TV Series,43 episodes,12+,8.0,Japanese
Love Happens,Romance,Brandon Camp,USA,2009.0,Movie,109 minutes,12+,5.6,English
Code Geass,Animation,Gor? Taniguchi,Japan,2006.0,TV Series,50 episodes,15+,8.7,Japanese
Vampires,Drama,Benjamin Dupas,France,2020.0,TV Series,6 episodes,15+,5.7,French
Dark Shadows,Fantasy,Tim Burton,USA,2012.0,Movie,113 minutes,12+,6.2,English
Maria,Action,Pedring Lopez,Philippines,2019.0,Movie,90 minutes,18+,5.8,Filipino
Beetlejuice,Comedy,Tim Burton,USA,1988.0,Movie,92 minutes,12+,7.5,English
Shutter Island,Thriller,Martin Scorsese,USA,2010.0,Movie,138 minutes,15+,8.2,English
Man on a Ledge,Thriller,Asger Leth,USA,2012.0,Movie,102 minutes,12+,6.6,English
Salt,Action,Phillip Noyce,USA,2010.0,Movie,100 minutes,12+,6.4,English
Orphan Black,Sci-Fi,"Graeme Manson, John Fawcett",Canada,2013.0,TV Series,50 episodes,15+,8.3,English
The Last Summer,Romance,William Bindley,USA,2019.0,Movie,109 minutes,12+,5.5,English
The Stranger,Thriller,Harlan Coben,UK,2020.0,TV Series,8 episodes,15+,7.3,English
Altered Carbon,Sci-Fi,Laeta Kalogridis,USA,2018.0,TV Series,18 episodes,18+,8.0,English
Unbelievable,Drama,Susannah Grant,USA,2019.0,TV Series,8 episodes,15+,8.4,English
Full House,Comedy,Jeff Franklin,USA,1987.0,TV Series,192 episodes,PG,6.7,English
Skins,Drama,"Jamie Brittain, Bryan Elsley",UK,2007.0,TV Series,61 episodes,18+,8.2,English
The Best of Me,Romance,Michael Hoffman,USA,2014.0,Movie,118 minutes,12+,6.7,English
Alex Strangelove,Comedy,Craig Johnson,USA,2018.0,Movie,99 minutes,15+,6.3,English
Lone Survivor,War,Peter Berg,USA,2013.0,Movie,121 minutes,15+,7.5,English
Proud Mary,Action,Babak Najafi,USA,2018.0,Movie,89 minutes,15+,5.0,English
Get Smart,Comedy,Peter Segal,USA,2008.0,Movie,110 minutes,12+,6.5,English
Van Helsing,Fantasy,Neil LaBute,USA,2016.0,TV Series,65 episodes,18+,6.2,English
It Takes Two,Comedy,Andy Tennant,USA,1995.0,Movie,101 minutes,PG,5.9,English
To All the Boys,Romance,Michael Fimognari,USA,2020.0,Movie,102 minutes,12+,6.0,English
No Strings Attached,Comedy,Ivan Reitman,USA,2011.0,Movie,108 minutes,15+,6.2,English
Clueless,Comedy,Amy Heckerling,USA,1995.0,Movie,97 minutes,12+,6.9,English
Sex Education,Comedy,Laurie Nunn,UK,2019.0,TV Series,32 episodes,18+,8.3,English
October Faction,Sci-Fi,Damian Kindler,USA,2020.0,TV Series,10 episodes,15+,6.2,English
John Wick,Action,Chad Stahelski,USA,2014.0,Movie,101 minutes,18+,7.4,English
Gone Girl,Thriller,David Fincher,USA,2014.0,Movie,149 minutes,18+,8.1,English
Anne with an E,Drama,Moira Walley-Beckett,Canada,2017.0,TV Series,27 episodes,12+,8.7,English
Titans,Action,"Greg Berlanti, Akiva Goldsman",USA,2018.0,TV Series,49 episodes,18+,7.6,English
Rules Don't Apply,Romance,Warren Beatty,USA,2016.0,Movie,127 minutes,12+,5.7,English
6 Underground,Action,Michael Bay,USA,2019.0,Movie,128 minutes,18+,6.1,English
Being Human (U.K.),Drama,Toby Whithouse,UK,2008.0,TV Series,37 episodes,15+,7.8,English
Intelligence,Comedy,Nick Mohammed,UK,2020.0,TV Series,12 episodes,15+,6.2,English
Cruel Intentions,Drama,Roger Kumble,USA,1999.0,Movie,97 minutes,18+,6.8,English
One-Punch Man,Animation,Shingo Natsume,Japan,2015.0,TV Series,24 episodes,15+,8.7,Japanese
Forever My Girl,Romance,Bethany Ashton Wolf,USA,2018.0,Movie,108 minutes,PG,6.7,English
Scorpion,Action,Nick Santora,USA,2014.0,TV Series,93 episodes,12+,7.0,English
Daybreak,Sci-Fi,Aron Eli Coleite,USA,2019.0,TV Series,10 episodes,18+,6.7,English
From Dusk Till Dawn,Action,Robert Rodriguez,USA,1996.0,Movie,108 minutes,18+,7.2,English
Baby,Drama,Andrea De Sica,Italy,2018.0,TV Series,18 episodes,18+,6.8,Italian
Ultramarine Magmell,Fantasy,Hayato Date,Japan,2019.0,TV Series,13 episodes,15+,6.2,Japanese
South Park,Comedy,"Trey Parker, Matt Stone",USA,1997.0,TV Series,327 episodes,18+,8.7,English
Living with Yourself,Comedy,"Jonathan Dayton, Valerie Faris",USA,2019.0,TV Series,8 episodes,15+,7.2,English
Two Weeks Notice,Romance,Marc Lawrence,USA,2002.0,Movie,101 minutes,12+,6.1,English
Fractured,Thriller,Brad Anderson,USA,2019.0,Movie,100 minutes,15+,6.4,English
Robin Hood,Adventure,Ridley Scott,USA,2010.0,Movie,140 minutes,12+,6.6,English
The Seven Deadly Sins the Movie,Fantasy,Noriyuki Abe,Japan,2018.0,Movie,99 minutes,15+,7.1,Japanese
Disenchantment,Animation,Matt Groening,USA,2018.0,TV Series,50 episodes,15+,7.2,English
Homeland,Drama,"Alex Gansa, Howard Gordon",USA,2011.0,TV Series,96 episodes,18+,8.3,English
A Simple Favour,Mystery,Paul Feig,USA,2018.0,Movie,117 minutes,15+,6.8,English
DEATH NOTE,Fantasy,Tetsur? Araki,Japan,2006.0,TV Series,37 episodes,18+,8.9,Japanese
Snow White & the Huntsman,Fantasy,Rupert Sanders,USA,2012.0,Movie,127 minutes,12+,6.1,English
Sextuplets,Comedy,Michael Tiddes,USA,2019.0,Movie,97 minutes,15+,4.4,English
The Wolfman,Horror,Joe Johnston,USA,2010.0,Movie,103 minutes,18+,5.8,English
I AM A KILLER,Documentary,Itamar Klasmer,USA,2018.0,TV Series,30 episodes,18+,7.5,English
Blue Exorcist,Fantasy,Tensai Okamura,Japan,2011.0,TV Series,37 episodes,15+,7.5,Japanese
The Accountant,Action,Gavin O'Connor,USA,2016.0,Movie,128 minutes,15+,7.3,English
The Fate of the Furious,Action,F. Gary Gray,USA,2017.0,Movie,136 minutes,12+,6.6,English
Jane The Virgin,Comedy,Jennie Snyder Urman,USA,2014.0,TV Series,100 episodes,12+,7.8,English
The Wolf of Wall Street,Biography,Martin Scorsese,USA,2013.0,Movie,180 minutes,18+,8.2,English
The Great Gatsby,Drama,Baz Luhrmann,USA,2013.0,Movie,143 minutes,12+,7.2,English
Sherlock Holmes,Mystery,Guy Ritchie,UK,2009.0,Movie,128 minutes,12+,7.6,English
Atomic Blonde,Action,David Leitch,USA,2017.0,Movie,115 minutes,18+,6.7,English
7SEEDS,Sci-Fi,Yukio Takahashi,Japan,2019.0,TV Series,24 episodes,15+,6.3,Japanese
Shaft,Action,Tim Story,USA,2019.0,Movie,111 minutes,18+,6.4,English
Baby Driver,Action,Edgar Wright,USA,2017.0,Movie,113 minutes,15+,7.6,English
Baywatch,Comedy,Seth Gordon,USA,2017.0,Movie,116 minutes,15+,5.5,English
I Am Mother,Sci-Fi,Grant Sputore,Australia,2019.0,Movie,113 minutes,15+,6.7,English
The Society,Drama,Christopher Keyser,USA,2019.0,TV Series,10 episodes,18+,7.1,English
Line of Duty,Crime,Jed Mercurio,UK,2012.0,TV Series,36 episodes,15+,8.7,English
Oprah Winfrey Presents,Documentary,Oprah Winfrey,USA,2018.0,TV Series,9 episodes,Not Rated,6.2,English
13TH,Documentary,Ava DuVernay,USA,2016.0,Movie,100 minutes,12+,8.2,English
When They See Us,Crime,Ava DuVernay,USA,2019.0,TV Series,4 episodes,15+,8.9,English
Sniper,Action,Luis Llosa,USA,1993.0,Movie,98 minutes,18+,6.1,English
Kill Bill,Action,Quentin Tarantino,USA,2003.0,Movie,111 minutes,18+,8.1,English
Kin,Action,"Jonathan Baker, Josh Baker",USA,2018.0,Movie,102 minutes,12+,5.8,English
Charlie's Angels,Action,Elizabeth Banks,USA,2019.0,Movie,118 minutes,12+,4.9,English
Friends with Benefits,Comedy,Will Gluck,USA,2011.0,Movie,109 minutes,15+,6.5,English
The Twilight Saga,Fantasy,Catherine Hardwicke,USA,2008.0,Movie,122 minutes,12+,5.3,English
The Perfect Date,Romance,Chris Nelson,USA,2019.0,Movie,89 minutes,12+,5.8,English
Burn Out,Action,Yann Gozlan,France,2017.0,Movie,103 minutes,18+,6.2,French
Chilling Adventures of Sabrina,Fantasy,Roberto Aguirre-Sacasa,USA,2018.0,TV Series,36 episodes,15+,7.4,English
The Intent 2,Crime,Femi Oyeniran,UK,2018.0,Movie,103 minutes,15+,4.3,English
The Intent,Crime,Femi Oyeniran,UK,2016.0,Movie,104 minutes,15+,4.5,English
Forgetting Sarah Marshall,Comedy,Nicholas Stoller,USA,2008.0,Movie,111 minutes,15+,7.1,English
"Love, Death & Robots",Animation,Tim Miller,USA,2019.0,TV Series,35 episodes,18+,8.4,English
Pacific Rim,Action,Guillermo del Toro,USA,2013.0,Movie,131 minutes,12+,6.9,English
Abduction,Thriller,John Singleton,USA,2011.0,Movie,106 minutes,12+,5.1,English
The Disappearance of Madeleine McCann,Documentary,Chris Smith,UK,2019.0,TV Series,8 episodes,15+,6.9,English
Never Heard,Drama,Joshua Coates,USA,2018.0,Movie,89 minutes,15+,4.8,English
Ghost in the Shell,Sci-Fi,Mamoru Oshii,Japan,1995.0,Movie,83 minutes,15+,8.0,Japanese
The Fault in Our Stars,Romance,Josh Boone,USA,2014.0,Movie,126 minutes,12+,7.7,English
The Dragon Prince,Animation,"Aaron Ehasz, Justin Richmond",USA,2018.0,TV Series,27 episodes,12+,8.4,English
The Legend of Tarzan,Adventure,David Yates,USA,2016.0,Movie,110 minutes,12+,6.2,English
Russian Doll,Comedy,"Leslye Headland, Natasha Lyonne, Amy Poehler",USA,2019.0,TV Series,15 episodes,18+,7.8,English
The Originals,Drama,Julie Plec,USA,2013.0,TV Series,92 episodes,15+,8.3,English
Always a Witch,Fantasy,Liliana Bocanegra,Colombia,2019.0,TV Series,18 episodes,15+,5.3,Spanish
Magi,Fantasy,Koji Masunari,Japan,2012.0,TV Series,50 episodes,15+,7.8,Japanese
Endless Love,Romance,Shana Feste,USA,2014.0,Movie,103 minutes,12+,6.3,English
Sirius the Jaeger,Fantasy,Masahiro Ando,Japan,2018.0,TV Series,12 episodes,15+,6.8,Japanese
Polar,Action,Jonas Åkerlund,USA,2019.0,Movie,118 minutes,18+,6.3,English
Marvel's The Punisher,Action,Steve Lightfoot,USA,2017.0,TV Series,26 episodes,18+,8.5,English
Fifty Shades Darker,Romance,James Foley,USA,2017.0,Movie,118 minutes,18+,4.6,English
Good Girls,Comedy,Jenna Bans,USA,2018.0,TV Series,50 episodes,15+,7.7,English
The Tourist,Thriller,Florian Henckel von Donnersmarck,USA,2010.0,Movie,103 minutes,12+,6.0,English
X-Men,Action,Bryan Singer,USA,2000.0,Movie,104 minutes,12+,7.4,English
Hitch,Romance,Andy Tennant,USA,2005.0,Movie,118 minutes,12+,6.6,English
Legally Blondes,Comedy,Savage Steve Holland,USA,2009.0,Movie,86 minutes,PG,3.8,English
Legally Blonde,Comedy,Robert Luketic,USA,2001.0,Movie,96 minutes,12+,6.4,English
Valentine's Day,Romance,Garry Marshall,USA,2010.0,Movie,125 minutes,12+,5.7,English
Tidying Up with Marie Kondo,Reality,Jade Sandberg Wallis,USA,2019.0,TV Series,8 episodes,PG,6.6,English
Tomb Raider,Action,Roar Uthaug,UK,2018.0,Movie,118 minutes,12+,6.3,English
Overboard (2018),Comedy,Rob Greenberg,USA,2018.0,Movie,112 minutes,12+,6.0,English
Tidelands,Fantasy,Stephen M. Irwin,Australia,2018.0,TV Series,8 episodes,18+,6.7,English
Prison Break,Action,Paul Scheuring,USA,2005.0,TV Series,90 episodes,18+,8.3,English
How to Get Away With Murder,Drama,Peter Nowalk,USA,2014.0,TV Series,90 episodes,18+,8.1,English
The Losers,Action,Sylvain White,USA,2010.0,Movie,97 minutes,15+,6.3,English
The Little Mermaid,Fantasy,"Ron Clements, John Musker",USA,1989.0,Movie,83 minutes,U,7.6,English
The Crew,Comedy,Jeff Lowell,USA,2021.0,TV Series,10 episodes,12+,6.6,English
Cop Out,Comedy,Kevin Smith,USA,2010.0,Movie,107 minutes,15+,5.6,English
Central Intelligence,Comedy,Rawson Marshall Thurber,USA,2016.0,Movie,107 minutes,12+,6.3,English
Explained,Documentary,Ezra Klein,USA,2018.0,TV Series,44 episodes,PG,8.0,English
Mowgli,Fantasy,Andy Serkis,USA,2018.0,Movie,104 minutes,12+,6.5,English
Red Riding Hood,Fantasy,Catherine Hardwicke,USA,2011.0,Movie,100 minutes,12+,5.5,English
"Crazy, Stupid, Love.",Romance,"Glenn Ficarra, John Requa",USA,2011.0,Movie,118 minutes,12+,7.4,English
I Kill Giants,Drama,Anders Walter,USA,2017.0,Movie,106 minutes,12+,6.1,English
The Lizzie Borden Chronicles,Crime,Stephen Kay,USA,2015.0,TV Series,8 episodes,18+,7.0,English
A Christmas Prince,Romance,Alex Zamm,USA,2017.0,Movie,92 minutes,PG,5.8,English
Merlin,Fantasy,"Johnny Capps, Julian Jones, Jake Michie",UK,2008.0,TV Series,65 episodes,12+,7.9,English
Salem,Drama,"Brannon Braga, Adam Simon",USA,2014.0,TV Series,36 episodes,18+,7.2,English
The Notebook,Romance,Nick Cassavetes,USA,2004.0,Movie,123 minutes,12+,7.8,English
To All the Boys Iâve Loved Before,Romance,Susan Johnson,USA,2018.0,Movie,99 minutes,12+,7.0,English
The Saint,Action,Phillip Noyce,USA,1997.0,Movie,116 minutes,12+,6.3,English
Doctor Strange,Fantasy,Scott Derrickson,USA,2016.0,Movie,115 minutes,12+,7.5,English
Killers,Action,Robert Luketic,USA,2010.0,Movie,100 minutes,12+,5.4,English
The Princess Switch,Romance,Mike Rohl,USA,2018.0,Movie,101 minutes,PG,6.0,English
The Sinner,Crime,Derek Simonds,USA,2017.0,TV Series,32 episodes,18+,7.9,English
The Lord of the Rings,Fantasy,Peter Jackson,USA,2001.0,Movie,178 minutes,12+,8.8,English
"Definitely, Maybe",Romance,Adam Brooks,USA,2008.0,Movie,112 minutes,12+,7.1,English
Sierra Burgess Is a Loser,Comedy,Ian Samuels,USA,2018.0,Movie,105 minutes,12+,5.8,English
Den of Thieves,Action,Christian Gudegast,USA,2018.0,Movie,140 minutes,15+,7.0,English
Valerian and the City of a Thousand Planets,Sci-Fi,Luc Besson,France,2017.0,Movie,137 minutes,12+,6.5,English
"My Teacher, My Obsession",Thriller,Damian Romay,USA,2018.0,Movie,90 minutes,15+,4.3,English
Gone,Thriller,Heitor Dhalia,USA,2012.0,Movie,94 minutes,15+,5.9,English
The Intern,Comedy,Nancy Meyers,USA,2015.0,Movie,121 minutes,12+,7.1,English
Somewhere Between,Mystery,Stephen Tolkin,USA,2017.0,TV Series,10 episodes,15+,6.3,English
Seven Seconds,Crime,Veena Sud,USA,2018.0,TV Series,10 episodes,15+,7.6,English
Before We Go,Romance,Chris Evans,USA,2014.0,Movie,95 minutes,12+,6.8,English
One Day,Romance,Lone Scherfig,UK,2011.0,Movie,107 minutes,12+,7.0,English
The Anomaly,Sci-Fi,Noel Clarke,UK,2014.0,Movie,97 minutes,15+,4.7,English
Cable Girls,Drama,"Gema R. Neira, Ramón Campos",Spain,2017.0,TV Series,42 episodes,15+,7.7,Spanish
The Good Cop,Comedy,Andy Breckman,USA,2018.0,TV Series,10 episodes,12+,7.0,English
Superstition,Fantasy,Mario Van Peebles,USA,2017.0,TV Series,12 episodes,15+,4.8,English
The Edge of Seventeen,Drama,Kelly Fremon Craig,USA,2016.0,Movie,104 minutes,15+,7.3,English
Sex and the City 2,Comedy,Michael Patrick King,USA,2010.0,Movie,146 minutes,15+,4.5,English
Maid in Manhattan,Romance,Wayne Wang,USA,2002.0,Movie,105 minutes,PG-13,5.3,English
SPF-18,Romance,Alex Israel,USA,2017.0,Movie,75 minutes,12+,3.3,English
The Innocents,Sci-Fi,"Hania Elkington, Simon Duric",UK,2018.0,TV Series,8 episodes,15+,6.4,English
Insatiable,Comedy,Lauren Gussis,USA,2018.0,TV Series,22 episodes,18+,6.5,English
Sherlock,Mystery,"Mark Gatiss, Steven Moffat",UK,2010.0,TV Series,13 episodes,15+,9.1,English
All I See Is You,Drama,Marc Forster,USA,2016.0,Movie,110 minutes,18+,5.4,English
Jason Bourne,Action,Paul Greengrass,USA,2016.0,Movie,123 minutes,12+,6.6,English
Person of Interest,Crime,Jonathan Nolan,USA,2011.0,TV Series,103 episodes,15+,8.4,English
Extinction,Sci-Fi,Ben Young,USA,2018.0,Movie,95 minutes,15+,5.8,English
Notting Hill,Romance,Roger Michell,UK,1999.0,Movie,124 minutes,12+,7.2,English
Elizabethtown,Romance,Cameron Crowe,USA,2005.0,Movie,123 minutes,12+,6.3,English
Love Island,Reality,Tony Wood,UK,2015.0,TV Series,476 episodes,18+,5.2,English
Set It Up,Romance,Claire Scanlon,USA,2018.0,Movie,105 minutes,12+,6.5,English
Ibiza,Comedy,Alex Richanbach,USA,2018.0,Movie,94 minutes,15+,5.2,English
Safe,Thriller,Harlan Coben,UK,2018.0,TV Series,8 episodes,15+,7.2,English
Sense8,Sci-Fi,"Lana Wachowski, Lilly Wachowski",USA,2015.0,TV Series,24 episodes,18+,8.2,English
The Next Step,Family,Frank van Keeken,Canada,2013.0,TV Series,226 episodes,PG,6.2,English
Push,Sci-Fi,Paul McGuigan,USA,2009.0,Movie,111 minutes,12+,6.0,English
Dear White People,Comedy,Justin Simien,USA,2017.0,TV Series,40 episodes,18+,6.3,English
The Kissing Booth,Romance,Vince Marcello,USA,2018.0,Movie,105 minutes,12+,5.9,English
Guardians of the Galaxy,Sci-Fi,James Gunn,USA,2014.0,Movie,121 minutes,12+,8.0,English
Candy Jar,Comedy,Ben Shelton,USA,2018.0,Movie,92 minutes,12+,5.8,English
Bitten,Drama,Daegan Fryklind,Canada,2014.0,TV Series,33 episodes,18+,7.0,English
Captain America,Action,Joe Johnston,USA,2011.0,Movie,124 minutes,12+,6.9,English
Hanna,Action,Joe Wright,USA,2011.0,Movie,111 minutes,15+,6.8,English
A Series of Unfortunate Events,Family,Barry Sonnenfeld,USA,2017.0,TV Series,25 episodes,7+,7.8,English
Hemlock Grove,Horror,Brian McGreevy,USA,2013.0,TV Series,33 episodes,18+,7.0,English
Wynonna Earp,Drama,Emily Andras,Canada,2016.0,TV Series,49 episodes,18+,7.4,English
The Loft,Thriller,Erik Van Looy,USA,2014.0,Movie,108 minutes,18+,6.3,English
Santa Clarita Diet,Comedy,Victor Fresco,USA,2017.0,TV Series,30 episodes,15+,7.8,English
It's Complicated,Comedy,Nancy Meyers,USA,2009.0,Movie,121 minutes,15+,6.5,English
The Revenant,Adventure,Alejandro G. Iñárritu,USA,2015.0,Movie,156 minutes,18+,8.0,English
Perfect Stranger,Thriller,James Foley,USA,2007.0,Movie,109 minutes,18+,5.7,English
Be Somebody,Comedy,Joshua Caldwell,USA,2016.0,Movie,88 minutes,PG,5.6,English
The Escorts,Drama,Ilay Ron,USA,2014.0,Movie,86 minutes,18+,4.4,English
Midnight Special,Sci-Fi,Jeff Nichols,USA,2016.0,Movie,112 minutes,12+,6.6,English
F the Prom,Comedy,Benny Fine,USA,2017.0,Movie,92 minutes,15+,4.3,English
Greenhouse Academy,Drama,Giora Chamizer,USA,2017.0,TV Series,40 episodes,12+,6.9,English
Barely Lethal,Action,Kyle Newman,USA,2015.0,Movie,96 minutes,12+,5.4,English
When We First Met,Comedy,Ari Sandel,USA,2018.0,Movie,97 minutes,12+,6.4,English
What Dreams May Come,Drama,Vincent Ward,USA,1998.0,Movie,113 minutes,12+,7.0,English
The End of the F***ing World,Comedy,Jonathan Entwistle,UK,2017.0,TV Series,16 episodes,18+,8.0,English
Before I Fall,Drama,Ry Russo-Young,USA,2017.0,Movie,98 minutes,12+,6.5,English
Bride and Prejudice,Romance,Gurinder Chadha,UK,2004.0,Movie,111 minutes,12+,6.1,English
Joy,Drama,David O. Russell,USA,2015.0,Movie,124 minutes,12+,6.6,English
Underground,Drama,Misha Green,USA,2016.0,TV Series,20 episodes,15+,7.9,English
Meet Joe Black,Romance,Martin Brest,USA,1998.0,Movie,181 minutes,12+,7.2,English
Lessons in Love,Drama,Fred Schepisi,USA,2014.0,Movie,99 minutes,12+,5.8,English
Acts of Vengeance,Action,Isaac Florentine,USA,2017.0,Movie,87 minutes,18+,5.7,English
Beyond,Sci-Fi,Adam Nussdorf,USA,2016.0,TV Series,20 episodes,15+,7.0,English
Black Lightning,Action,Salim Akil,USA,2018.0,TV Series,58 episodes,15+,6.1,English
Admission,Comedy,Paul Weitz,USA,2013.0,Movie,107 minutes,12+,5.7,English
Black,Drama,Sanjay Leela Bhansali,India,2005.0,Movie,122 minutes,12+,8.2,Hindi
Bright,Action,David Ayer,USA,2017.0,Movie,117 minutes,18+,6.3,English
Manhunt,Action,John Woo,China,2017.0,Movie,106 minutes,15+,5.2,Mandarin
La Mante,Thriller,Alexandre Laurent,France,2017.0,TV Series,6 episodes,18+,7.4,French
The Longest Ride,Romance,George Tillman Jr.,USA,2015.0,Movie,128 minutes,12+,7.0,English
"Love, Rosie",Romance,Christian Ditter,UK,2014.0,Movie,102 minutes,12+,7.1,English
The Mortal Instruments,Fantasy,Harald Zwart,USA,2013.0,Movie,130 minutes,12+,5.9,English
La La Land,Romance,Damien Chazelle,USA,2016.0,Movie,128 minutes,12+,8.0,English
Remember Me,Drama,Allen Coulter,USA,2010.0,Movie,113 minutes,12+,7.1,English
The Choice,Romance,Ross Katz,USA,2016.0,Movie,111 minutes,12+,6.5,English
Mad Max,Action,George Miller,Australia,1979.0,Movie,93 minutes,18+,6.9,English
Love Actually,Romance,Richard Curtis,UK,2003.0,Movie,135 minutes,15+,7.6,English
Avengers Assemble,Action,Jack Kirby,USA,2013.0,TV Series,127 episodes,PG,7.0,English
The Autopsy of Jane Doe,Horror,André Øvredal,USA,2016.0,Movie,86 minutes,15+,6.8,English
The Adjustment Bureau,Romance,George Nolfi,USA,2011.0,Movie,106 minutes,12+,7.0,English
"Angus, Thongs and Perfect Snogging",Comedy,Gurinder Chadha,UK,2008.0,Movie,100 minutes,12+,6.3,English
Erased,Thriller,Keishi Otomo,Japan,2016.0,Movie,120 minutes,15+,6.8,Japanese
The 5th Wave,Sci-Fi,J Blakeson,USA,2016.0,Movie,112 minutes,12+,5.2,English
Undercover,Action,Eshom Nelms,USA,2016.0,Movie,99 minutes,15+,4.4,English
Hannibal,Thriller,Bryan Fuller,USA,2013.0,TV Series,39 episodes,18+,8.5,English
Jack Ryan,Action,"Carlton Cuse, Graham Roland",USA,2018.0,TV Series,24 episodes,18+,8.0,English
November Rule,Romance,Mike Elliott,USA,2015.0,Movie,94 minutes,15+,4.6,English
Penelope,Fantasy,Mark Palansky,UK,2006.0,Movie,104 minutes,12+,6.7,English
Wanted,Action,Timur Bekmambetov,USA,2008.0,Movie,110 minutes,18+,6.7,English
Interview with a Serial Killer,Documentary,Christopher Martin,USA,2008.0,Movie,44 minutes,15+,7.0,English
Marvel's Jessica Jones,Action,Melissa Rosenberg,USA,2015.0,TV Series,39 episodes,18+,7.9,English
The Foreigner,Action,Martin Campbell,UK,2017.0,Movie,113 minutes,15+,7.0,English
Inside the Mind of a Serial Killer,Documentary,Chris Sumpton,UK,2015.0,TV Series,10 episodes,15+,6.2,English
Bates Motel,Drama,"Carlton Cuse, Kerry Ehrin",USA,2013.0,TV Series,50 episodes,18+,8.1,English
Dark,Thriller,"Baran bo Odar, Jantje Friese",Germany,2017.0,TV Series,26 episodes,15+,8.7,German
She's Gotta Have It,Comedy,Spike Lee,USA,2017.0,TV Series,19 episodes,18+,6.8,English
Guilt,Crime,Neil Forsyth,UK,2019.0,TV Series,8 episodes,15+,7.4,English
The Secret Scripture,Drama,Jim Sheridan,UK,2016.0,Movie,108 minutes,12+,6.7,English
The Good Wife,Drama,"Michelle King, Robert King",USA,2009.0,TV Series,156 episodes,15+,8.3,English
Fallen,Fantasy,Scott Hicks,USA,2016.0,Movie,91 minutes,12+,5.2,English
OtherLife,Sci-Fi,Ben C. Lucas,Australia,2017.0,Movie,96 minutes,15+,6.3,English
6 Days,Thriller,Toa Fraser,UK,2017.0,Movie,94 minutes,15+,6.2,English
Paranoid,Crime,Bill Gallagher,UK,2016.0,TV Series,8 episodes,15+,6.7,English
Alias Grace,Crime,Mary Harron,Canada,2017.0,TV Series,6 episodes,15+,7.7,English
Beyond Stranger Things,Talk Show,Jim Rash,USA,2017.0,TV Series,7 episodes,15+,7.1,English
Focus,Comedy,"Glenn Ficarra, John Requa",USA,2015.0,Movie,105 minutes,15+,6.6,English
MINDHUNTER,Crime,Joe Penhall,USA,2017.0,TV Series,19 episodes,18+,8.6,English
1922,Drama,Zak Hilditch,USA,2017.0,Movie,102 minutes,15+,6.2,English
Now You See Me,Crime,Louis Leterrier,USA,2013.0,Movie,115 minutes,12+,7.2,English
Security,Action,Alain Desrochers,USA,2017.0,Movie,88 minutes,15+,5.7,English
I'm in Love with a Church Girl,Romance,Steve Race,USA,2013.0,Movie,118 minutes,12+,4.5,English
Kidnap,Thriller,Luis Prieto,USA,2017.0,Movie,94 minutes,15+,5.9,English
Terminator Genisys,Sci-Fi,Alan Taylor,USA,2015.0,Movie,126 minutes,12+,6.3,English
Dexter,Crime,James Manos Jr.,USA,2006.0,TV Series,96 episodes,18+,8.7,English
The Divergent Series,Sci-Fi,Neil Burger,USA,2014.0,Movie,139 minutes,12+,6.6,English
#realityhigh,Comedy,Fernando Lebrija,USA,2017.0,Movie,99 minutes,12+,5.1,English
Spectre,Action,Sam Mendes,UK,2015.0,Movie,148 minutes,12+,6.8,English
What Happened to Monday (Trailer),Sci-Fi,Tommy Wirkola,USA,2017.0,Movie,123 minutes,18+,6.8,English
The Mechanic,Action,Simon West,USA,2011.0,Movie,93 minutes,15+,6.5,English
Mechanic,Action,Dennis Gansel,USA,2016.0,Movie,99 minutes,15+,5.7,English
